<?xml version="1.0" encoding="utf-8"?>
<extension type="module" version="3.1" client="site" method="upgrade">
	<name>mod_bfcopyright</name>
	<author>Jonathan Brain</author>
	<authorEmail>brainforge.uk@btinternet.com</authorEmail>
	<authorUrl>https://www.brainforge.co.uk</authorUrl>
	<creationDate>February 2020</creationDate>
	<copyright>Copyright 2020 Jonathan Brain. All rights reserved.</copyright>
	<license>GNU General Public License version 2 or later; see LICENSE.txt</license>
	<version>1.0.0</version>
	<description>MOD_BFCOPYRIGHT_XML_DESCRIPTION</description>

	<files>
		<filename module="mod_bfcopyright">mod_bfcopyright.php</filename>
		<filename>index.html</filename>
		<folder>language</folder>
	</files>

	<languages>
		<language tag="en-GB">en-GB.mod_bfcopyright.ini</language>
		<language tag="en-GB">en-GB.mod_bfcopyright.sys.ini</language>
	</languages>
</extension>
